Aggregation_Level,Scenario,Plant_ID,Order_Date,Total_Scenario_Demand,Total_Net_Demand,Total_Allocated_Qty,Total_Backlog,Total_Scenario_Capacity,Remaining_Capacity,Capacity_Gap,Service_Level,Capacity_Utilization,Allocation_Rate,Service_Risk,Capacity_Risk,Performance_Status,Status_Reason,Baseline_Scenario,Service_Level_Change,Capacity_Utilization_Change,Backlog_Change,Allocation_Rate_Change
Scenario,Baseline,,,108395.0,1632.0,1632.0,0.0,162118.0,160486.0,160486.0,1.0,0.010066741509271025,0.015056045020526777,Healthy,Healthy,Healthy,No backlog and utilization below 100%,Baseline,0.0,0.0,0.0,0.0
Scenario,Capacity_Disruption_P1_20pct,,,108395.0,1632.0,1632.0,0.0,149769.0,148137.0,148137.0,1.0,0.010896781042805921,0.015056045020526777,Healthy,Healthy,Healthy,No backlog and utilization below 100%,Baseline,0.0,0.0008300395335348962,0.0,0.0
Scenario,Demand_Surge_10pct,,,119234.5,2008.6000000000004,2008.6000000000004,0.0,162118.0,160109.4,160109.4,1.0,0.012389740806079524,0.01684579547027077,Healthy,Healthy,Healthy,No backlog and utilization below 100%,Baseline,0.0,0.002322999296808499,0.0,0.0017897504497439935
Scenario × Plant,Baseline,P1,,40120.0,262.0,262.0,0.0,61745.0,61483.0,61483.0,1.0,0.0042432585634464325,0.0065304087736789635,Healthy,Healthy,Healthy,No backlog and utilization below 100%,,,,,
Scenario × Plant,Baseline,P2,,34843.0,1244.0,1244.0,0.0,51984.0,50740.0,50740.0,1.0,0.023930440135426286,0.03570301064776282,Healthy,Healthy,Healthy,No backlog and utilization below 100%,,,,,
Scenario × Plant,Baseline,P3,,33432.0,126.0,126.0,0.0,48389.0,48263.0,48263.0,1.0,0.0026038975800285187,0.0037688442211055275,Healthy,Healthy,Healthy,No backlog and utilization below 100%,,,,,
Scenario × Plant,Capacity_Disruption_P1_20pct,P1,,40120.0,262.0,262.0,0.0,49396.0,49134.0,49134.0,1.0,0.005304073204308041,0.0065304087736789635,Healthy,Healthy,Healthy,No backlog and utilization below 100%,,,,,
Scenario × Plant,Capacity_Disruption_P1_20pct,P2,,34843.0,1244.0,1244.0,0.0,51984.0,50740.0,50740.0,1.0,0.023930440135426286,0.03570301064776282,Healthy,Healthy,Healthy,No backlog and utilization below 100%,,,,,
Scenario × Plant,Capacity_Disruption_P1_20pct,P3,,33432.0,126.0,126.0,0.0,48389.0,48263.0,48263.0,1.0,0.0026038975800285187,0.0037688442211055275,Healthy,Healthy,Healthy,No backlog and utilization below 100%,,,,,
Scenario × Plant,Demand_Surge_10pct,P1,,44132.00000000001,348.6,348.6,0.0,61745.0,61396.4,61396.4,1.0,0.005645801279455827,0.00789903018218073,Healthy,Healthy,Healthy,No backlog and utilization below 100%,,,,,
Scenario × Plant,Demand_Surge_10pct,P2,,38327.3,1460.1,1460.1,0.0,51984.0,50523.9,50523.9,1.0,0.028087488457987073,0.03809556112744701,Healthy,Healthy,Healthy,No backlog and utilization below 100%,,,,,
Scenario × Plant,Demand_Surge_10pct,P3,,36775.200000000004,199.90000000000003,199.90000000000003,0.0,48389.0,48189.1,48189.1,1.0,0.004131104176569055,0.005435728425678175,Healthy,Healthy,Healthy,No backlog and utilization below 100%,,,,,
Scenario × Week,Baseline,,2017-01-01,2602.0,35.0,35.0,0.0,3161.0,3126.0,3126.0,1.0,0.011072445428661816,0.013451191391237509,Healthy,Healthy,Healthy,No backlog and utilization below 100%,,,,,
Scenario × Week,Baseline,,2017-01-08,2539.0,41.0,41.0,0.0,3161.0,3120.0,3120.0,1.0,0.012970578930718128,0.016148089799133517,Healthy,Healthy,Healthy,No backlog and utilization below 100%,,,,,
Scenario × Week,Baseline,,2017-01-15,2636.0,70.0,70.0,0.0,3161.0,3091.0,3091.0,1.0,0.022144890857323633,0.026555386949924126,Healthy,Healthy,Healthy,No backlog and utilization below 100%,,,,,
Scenario × Week,Baseline,,2017-01-22,2728.0,131.0,131.0,0.0,3161.0,3030.0,3030.0,1.0,0.041442581461562794,0.048020527859237536,Healthy,Healthy,Healthy,No backlog and utilization below 100%,,,,,
Scenario × Week,Baseline,,2017-01-29,2638.0,17.0,17.0,0.0,3161.0,3144.0,3144.0,1.0,0.005378044922492882,0.006444275966641395,Healthy,Healthy,Healthy,No backlog and utilization below 100%,,,,,
Scenario × Week,Baseline,,2017-02-05,2795.0,14.0,14.0,0.0,3161.0,3147.0,3147.0,1.0,0.004428978171464726,0.005008944543828265,Healthy,Healthy,Healthy,No backlog and utilization below 100%,,,,,
Scenario × Week,Baseline,,2017-02-12,2670.0,87.0,87.0,0.0,3161.0,3074.0,3074.0,1.0,0.027522935779816515,0.03258426966292135,Healthy,Healthy,Healthy,No backlog and utilization below 100%,,,,,
Scenario × Week,Baseline,,2017-02-19,2670.0,151.0,151.0,0.0,3161.0,3010.0,3010.0,1.0,0.047769693135083835,0.05655430711610487,Healthy,Healthy,Healthy,No backlog and utilization below 100%,,,,,
Scenario × Week,Baseline,,2017-02-26,2906.0,39.0,39.0,0.0,3161.0,3122.0,3122.0,1.0,0.012337867763366024,0.013420509291121816,Healthy,Healthy,Healthy,No backlog and utilization below 100%,,,,,
Scenario × Week,Baseline,,2017-03-05,2654.0,25.0,25.0,0.0,3161.0,3136.0,3136.0,1.0,0.007908889591901298,0.009419743782969104,Healthy,Healthy,Healthy,No backlog and utilization below 100%,,,,,
Scenario × Week,Baseline,,2017-03-12,2701.0,54.0,54.0,0.0,3161.0,3107.0,3107.0,1.0,0.017083201518506803,0.01999259533506109,Healthy,Healthy,Healthy,No backlog and utilization below 100%,,,,,
Scenario × Week,Baseline,,2017-03-19,2672.0,182.0,182.0,0.0,3161.0,2979.0,2979.0,1.0,0.057576716229041446,0.06811377245508982,Healthy,Healthy,Healthy,No backlog and utilization below 100%,,,,,
Scenario × Week,Baseline,,2017-03-26,2510.0,19.0,19.0,0.0,3161.0,3142.0,3142.0,1.0,0.0060107560898449855,0.007569721115537849,Healthy,Healthy,Healthy,No backlog and utilization below 100%,,,,,
Scenario × Week,Baseline,,2017-04-02,2634.0,31.0,31.0,0.0,3161.0,3130.0,3130.0,1.0,0.009807023093957609,0.011769172361427487,Healthy,Healthy,Healthy,No backlog and utilization below 100%,,,,,
Scenario × Week,Baseline,,2017-04-09,2637.0,96.0,96.0,0.0,3161.0,3065.0,3065.0,1.0,0.03037013603290098,0.03640500568828214,Healthy,Healthy,Healthy,No backlog and utilization below 100%,,,,,
Scenario × Week,Baseline,,2017-04-16,2551.0,134.0,134.0,0.0,3161.0,3027.0,3027.0,1.0,0.04239164821259095,0.052528420227361816,Healthy,Healthy,Healthy,No backlog and utilization below 100%,,,,,
Scenario × Week,Baseline,,2017-04-23,2712.0,40.0,40.0,0.0,3161.0,3121.0,3121.0,1.0,0.012654223347042075,0.014749262536873156,Healthy,Healthy,Healthy,No backlog and utilization below 100%,,,,,
Scenario × Week,Baseline,,2017-04-30,2556.0,0.0,0.0,0.0,3161.0,3161.0,3161.0,1.0,0.0,0.0,Healthy,Healthy,Healthy,No backlog and utilization below 100%,,,,,
Scenario × Week,Baseline,,2017-05-07,2554.0,0.0,0.0,0.0,3161.0,3161.0,3161.0,1.0,0.0,0.0,Healthy,Healthy,Healthy,No backlog and utilization below 100%,,,,,
Scenario × Week,Baseline,,2017-05-14,2414.0,33.0,33.0,0.0,3161.0,3128.0,3128.0,1.0,0.010439734261309713,0.013670256835128418,Healthy,Healthy,Healthy,No backlog and utilization below 100%,,,,,
Scenario × Week,Baseline,,2017-05-21,2451.0,0.0,0.0,0.0,3161.0,3161.0,3161.0,1.0,0.0,0.0,Healthy,Healthy,Healthy,No backlog and utilization below 100%,,,,,
Scenario × Week,Baseline,,2017-05-28,2450.0,0.0,0.0,0.0,3161.0,3161.0,3161.0,1.0,0.0,0.0,Healthy,Healthy,Healthy,No backlog and utilization below 100%,,,,,
Scenario × Week,Baseline,,2017-06-04,2601.0,0.0,0.0,0.0,3161.0,3161.0,3161.0,1.0,0.0,0.0,Healthy,Healthy,Healthy,No backlog and utilization below 100%,,,,,
Scenario × Week,Baseline,,2017-06-11,2311.0,6.0,6.0,0.0,3161.0,3155.0,3155.0,1.0,0.0018981335020563112,0.0025962786672436176,Healthy,Healthy,Healthy,No backlog and utilization below 100%,,,,,
Scenario × Week,Baseline,,2017-06-18,2242.0,0.0,0.0,0.0,3161.0,3161.0,3161.0,1.0,0.0,0.0,Healthy,Healthy,Healthy,No backlog and utilization below 100%,,,,,
Scenario × Week,Baseline,,2017-06-25,2523.0,0.0,0.0,0.0,3161.0,3161.0,3161.0,1.0,0.0,0.0,Healthy,Healthy,Healthy,No backlog and utilization below 100%,,,,,
Scenario × Week,Baseline,,2017-07-02,2505.0,0.0,0.0,0.0,3161.0,3161.0,3161.0,1.0,0.0,0.0,Healthy,Healthy,Healthy,No backlog and utilization below 100%,,,,,
Scenario × Week,Baseline,,2017-07-09,2520.0,5.0,5.0,0.0,3161.0,3156.0,3156.0,1.0,0.0015817779183802593,0.001984126984126984,Healthy,Healthy,Healthy,No backlog and utilization below 100%,,,,,
Scenario × Week,Baseline,,2017-07-16,2404.0,0.0,0.0,0.0,3161.0,3161.0,3161.0,1.0,0.0,0.0,Healthy,Healthy,Healthy,No backlog and utilization below 100%,,,,,
Scenario × Week,Baseline,,2017-07-23,2597.0,1.0,1.0,0.0,3161.0,3160.0,3160.0,1.0,0.00031635558367605187,0.0003850596842510589,Healthy,Healthy,Healthy,No backlog and utilization below 100%,,,,,
Scenario × Week,Baseline,,2017-07-30,2409.0,9.0,9.0,0.0,3161.0,3152.0,3152.0,1.0,0.002847200253084467,0.0037359900373599006,Healthy,Healthy,Healthy,No backlog and utilization below 100%,,,,,
Scenario × Week,Baseline,,2017-08-06,2495.0,59.0,59.0,0.0,3161.0,3102.0,3102.0,1.0,0.01866497943688706,0.023647294589178358,Healthy,Healthy,Healthy,No backlog and utilization below 100%,,,,,
Scenario × Week,Baseline,,2017-08-13,2462.0,37.0,37.0,0.0,3161.0,3124.0,3124.0,1.0,0.01170515659601392,0.015028432168968318,Healthy,Healthy,Healthy,No backlog and utilization below 100%,,,,,
Scenario × Week,Baseline,,2017-08-20,2425.0,1.0,1.0,0.0,3161.0,3160.0,3160.0,1.0,0.00031635558367605187,0.0004123711340206186,Healthy,Healthy,Healthy,No backlog and utilization below 100%,,,,,
Scenario × Week,Baseline,,2017-08-27,2572.0,39.0,39.0,0.0,3161.0,3122.0,3122.0,1.0,0.012337867763366024,0.015163297045101089,Healthy,Healthy,Healthy,No backlog and utilization below 100%,,,,,
Scenario × Week,Baseline,,2017-09-03,2652.0,134.0,134.0,0.0,3161.0,3027.0,3027.0,1.0,0.04239164821259095,0.05052790346907994,Healthy,Healthy,Healthy,No backlog and utilization below 100%,,,,,
Scenario × Week,Baseline,,2017-09-10,2469.0,119.0,119.0,0.0,3161.0,3042.0,3042.0,1.0,0.037646314457450175,0.048197650870797894,Healthy,Healthy,Healthy,No backlog and utilization below 100%,,,,,
Scenario × Week,Baseline,,2017-09-17,2381.0,0.0,0.0,0.0,3161.0,3161.0,3161.0,1.0,0.0,0.0,Healthy,Healthy,Healthy,No backlog and utilization below 100%,,,,,
Scenario × Week,Baseline,,2017-09-24,2413.0,0.0,0.0,0.0,3161.0,3161.0,3161.0,1.0,0.0,0.0,Healthy,Healthy,Healthy,No backlog and utilization below 100%,,,,,
Scenario × Week,Baseline,,2017-10-01,2398.0,23.0,23.0,0.0,3161.0,3138.0,3138.0,1.0,0.007276178424549193,0.009591326105087573,Healthy,Healthy,Healthy,No backlog and utilization below 100%,,,,,
Scenario × Week,Baseline,,2017-10-08,582.0,0.0,0.0,0.0,3161.0,3161.0,3161.0,1.0,0.0,0.0,Healthy,Healthy,Healthy,No backlog and utilization below 100%,,,,,
Scenario × Week,Baseline,,2017-10-15,479.0,0.0,0.0,0.0,2078.0,2078.0,2078.0,1.0,0.0,0.0,Healthy,Healthy,Healthy,No backlog and utilization below 100%,,,,,
Scenario × Week,Baseline,,2017-10-22,480.0,0.0,0.0,0.0,2078.0,2078.0,2078.0,1.0,0.0,0.0,Healthy,Healthy,Healthy,No backlog and utilization below 100%,,,,,
Scenario × Week,Baseline,,2017-10-29,479.0,0.0,0.0,0.0,2078.0,2078.0,2078.0,1.0,0.0,0.0,Healthy,Healthy,Healthy,No backlog and utilization below 100%,,,,,
Scenario × Week,Baseline,,2017-11-05,480.0,0.0,0.0,0.0,2078.0,2078.0,2078.0,1.0,0.0,0.0,Healthy,Healthy,Healthy,No backlog and utilization below 100%,,,,,
Scenario × Week,Baseline,,2017-11-12,479.0,0.0,0.0,0.0,2078.0,2078.0,2078.0,1.0,0.0,0.0,Healthy,Healthy,Healthy,No backlog and utilization below 100%,,,,,
Scenario × Week,Baseline,,2017-11-19,480.0,0.0,0.0,0.0,3161.0,3161.0,3161.0,1.0,0.0,0.0,Healthy,Healthy,Healthy,No backlog and utilization below 100%,,,,,
Scenario × Week,Baseline,,2017-11-26,479.0,0.0,0.0,0.0,3161.0,3161.0,3161.0,1.0,0.0,0.0,Healthy,Healthy,Healthy,No backlog and utilization below 100%,,,,,
Scenario × Week,Baseline,,2017-12-03,480.0,0.0,0.0,0.0,3161.0,3161.0,3161.0,1.0,0.0,0.0,Healthy,Healthy,Healthy,No backlog and utilization below 100%,,,,,
Scenario × Week,Baseline,,2017-12-10,479.0,0.0,0.0,0.0,3161.0,3161.0,3161.0,1.0,0.0,0.0,Healthy,Healthy,Healthy,No backlog and utilization below 100%,,,,,
Scenario × Week,Baseline,,2017-12-17,480.0,0.0,0.0,0.0,3161.0,3161.0,3161.0,1.0,0.0,0.0,Healthy,Healthy,Healthy,No backlog and utilization below 100%,,,,,
Scenario × Week,Baseline,,2017-12-24,479.0,0.0,0.0,0.0,3161.0,3161.0,3161.0,1.0,0.0,0.0,Healthy,Healthy,Healthy,No backlog and utilization below 100%,,,,,
Scenario × Week,Baseline,,2017-12-31,480.0,0.0,0.0,0.0,3161.0,3161.0,3161.0,1.0,0.0,0.0,Healthy,Healthy,Healthy,No backlog and utilization below 100%,,,,,
Scenario × Week,Capacity_Disruption_P1_20pct,,2017-01-01,2602.0,35.0,35.0,0.0,2928.0,2893.0,2893.0,1.0,0.011953551912568305,0.013451191391237509,Healthy,Healthy,Healthy,No backlog and utilization below 100%,,,,,
Scenario × Week,Capacity_Disruption_P1_20pct,,2017-01-08,2539.0,41.0,41.0,0.0,2928.0,2887.0,2887.0,1.0,0.014002732240437158,0.016148089799133517,Healthy,Healthy,Healthy,No backlog and utilization below 100%,,,,,
Scenario × Week,Capacity_Disruption_P1_20pct,,2017-01-15,2636.0,70.0,70.0,0.0,2928.0,2858.0,2858.0,1.0,0.02390710382513661,0.026555386949924126,Healthy,Healthy,Healthy,No backlog and utilization below 100%,,,,,
Scenario × Week,Capacity_Disruption_P1_20pct,,2017-01-22,2728.0,131.0,131.0,0.0,2928.0,2797.0,2797.0,1.0,0.044740437158469946,0.048020527859237536,Healthy,Healthy,Healthy,No backlog and utilization below 100%,,,,,
Scenario × Week,Capacity_Disruption_P1_20pct,,2017-01-29,2638.0,17.0,17.0,0.0,2928.0,2911.0,2911.0,1.0,0.005806010928961749,0.006444275966641395,Healthy,Healthy,Healthy,No backlog and utilization below 100%,,,,,
Scenario × Week,Capacity_Disruption_P1_20pct,,2017-02-05,2795.0,14.0,14.0,0.0,2928.0,2914.0,2914.0,1.0,0.0047814207650273225,0.005008944543828265,Healthy,Healthy,Healthy,No backlog and utilization below 100%,,,,,
Scenario × Week,Capacity_Disruption_P1_20pct,,2017-02-12,2670.0,87.0,87.0,0.0,2928.0,2841.0,2841.0,1.0,0.02971311475409836,0.03258426966292135,Healthy,Healthy,Healthy,No backlog and utilization below 100%,,,,,
Scenario × Week,Capacity_Disruption_P1_20pct,,2017-02-19,2670.0,151.0,151.0,0.0,2928.0,2777.0,2777.0,1.0,0.05157103825136612,0.05655430711610487,Healthy,Healthy,Healthy,No backlog and utilization below 100%,,,,,
Scenario × Week,Capacity_Disruption_P1_20pct,,2017-02-26,2906.0,39.0,39.0,0.0,2928.0,2889.0,2889.0,1.0,0.01331967213114754,0.013420509291121816,Healthy,Healthy,Healthy,No backlog and utilization below 100%,,,,,
Scenario × Week,Capacity_Disruption_P1_20pct,,2017-03-05,2654.0,25.0,25.0,0.0,2928.0,2903.0,2903.0,1.0,0.00853825136612022,0.009419743782969104,Healthy,Healthy,Healthy,No backlog and utilization below 100%,,,,,
Scenario × Week,Capacity_Disruption_P1_20pct,,2017-03-12,2701.0,54.0,54.0,0.0,2928.0,2874.0,2874.0,1.0,0.018442622950819672,0.01999259533506109,Healthy,Healthy,Healthy,No backlog and utilization below 100%,,,,,
Scenario × Week,Capacity_Disruption_P1_20pct,,2017-03-19,2672.0,182.0,182.0,0.0,2928.0,2746.0,2746.0,1.0,0.06215846994535519,0.06811377245508982,Healthy,Healthy,Healthy,No backlog and utilization below 100%,,,,,
Scenario × Week,Capacity_Disruption_P1_20pct,,2017-03-26,2510.0,19.0,19.0,0.0,2928.0,2909.0,2909.0,1.0,0.006489071038251366,0.007569721115537849,Healthy,Healthy,Healthy,No backlog and utilization below 100%,,,,,
Scenario × Week,Capacity_Disruption_P1_20pct,,2017-04-02,2634.0,31.0,31.0,0.0,2928.0,2897.0,2897.0,1.0,0.01058743169398907,0.011769172361427487,Healthy,Healthy,Healthy,No backlog and utilization below 100%,,,,,
Scenario × Week,Capacity_Disruption_P1_20pct,,2017-04-09,2637.0,96.0,96.0,0.0,2928.0,2832.0,2832.0,1.0,0.03278688524590164,0.03640500568828214,Healthy,Healthy,Healthy,No backlog and utilization below 100%,,,,,
Scenario × Week,Capacity_Disruption_P1_20pct,,2017-04-16,2551.0,134.0,134.0,0.0,2928.0,2794.0,2794.0,1.0,0.045765027322404374,0.052528420227361816,Healthy,Healthy,Healthy,No backlog and utilization below 100%,,,,,
Scenario × Week,Capacity_Disruption_P1_20pct,,2017-04-23,2712.0,40.0,40.0,0.0,2928.0,2888.0,2888.0,1.0,0.01366120218579235,0.014749262536873156,Healthy,Healthy,Healthy,No backlog and utilization below 100%,,,,,
Scenario × Week,Capacity_Disruption_P1_20pct,,2017-04-30,2556.0,0.0,0.0,0.0,2928.0,2928.0,2928.0,1.0,0.0,0.0,Healthy,Healthy,Healthy,No backlog and utilization below 100%,,,,,
Scenario × Week,Capacity_Disruption_P1_20pct,,2017-05-07,2554.0,0.0,0.0,0.0,2928.0,2928.0,2928.0,1.0,0.0,0.0,Healthy,Healthy,Healthy,No backlog and utilization below 100%,,,,,
Scenario × Week,Capacity_Disruption_P1_20pct,,2017-05-14,2414.0,33.0,33.0,0.0,2928.0,2895.0,2895.0,1.0,0.011270491803278689,0.013670256835128418,Healthy,Healthy,Healthy,No backlog and utilization below 100%,,,,,
Scenario × Week,Capacity_Disruption_P1_20pct,,2017-05-21,2451.0,0.0,0.0,0.0,2928.0,2928.0,2928.0,1.0,0.0,0.0,Healthy,Healthy,Healthy,No backlog and utilization below 100%,,,,,
Scenario × Week,Capacity_Disruption_P1_20pct,,2017-05-28,2450.0,0.0,0.0,0.0,2928.0,2928.0,2928.0,1.0,0.0,0.0,Healthy,Healthy,Healthy,No backlog and utilization below 100%,,,,,
Scenario × Week,Capacity_Disruption_P1_20pct,,2017-06-04,2601.0,0.0,0.0,0.0,2928.0,2928.0,2928.0,1.0,0.0,0.0,Healthy,Healthy,Healthy,No backlog and utilization below 100%,,,,,
Scenario × Week,Capacity_Disruption_P1_20pct,,2017-06-11,2311.0,6.0,6.0,0.0,2928.0,2922.0,2922.0,1.0,0.0020491803278688526,0.0025962786672436176,Healthy,Healthy,Healthy,No backlog and utilization below 100%,,,,,
Scenario × Week,Capacity_Disruption_P1_20pct,,2017-06-18,2242.0,0.0,0.0,0.0,2928.0,2928.0,2928.0,1.0,0.0,0.0,Healthy,Healthy,Healthy,No backlog and utilization below 100%,,,,,
Scenario × Week,Capacity_Disruption_P1_20pct,,2017-06-25,2523.0,0.0,0.0,0.0,2928.0,2928.0,2928.0,1.0,0.0,0.0,Healthy,Healthy,Healthy,No backlog and utilization below 100%,,,,,
Scenario × Week,Capacity_Disruption_P1_20pct,,2017-07-02,2505.0,0.0,0.0,0.0,2928.0,2928.0,2928.0,1.0,0.0,0.0,Healthy,Healthy,Healthy,No backlog and utilization below 100%,,,,,
Scenario × Week,Capacity_Disruption_P1_20pct,,2017-07-09,2520.0,5.0,5.0,0.0,2928.0,2923.0,2923.0,1.0,0.0017076502732240437,0.001984126984126984,Healthy,Healthy,Healthy,No backlog and utilization below 100%,,,,,
Scenario × Week,Capacity_Disruption_P1_20pct,,2017-07-16,2404.0,0.0,0.0,0.0,2928.0,2928.0,2928.0,1.0,0.0,0.0,Healthy,Healthy,Healthy,No backlog and utilization below 100%,,,,,
Scenario × Week,Capacity_Disruption_P1_20pct,,2017-07-23,2597.0,1.0,1.0,0.0,2928.0,2927.0,2927.0,1.0,0.00034153005464480874,0.0003850596842510589,Healthy,Healthy,Healthy,No backlog and utilization below 100%,,,,,
Scenario × Week,Capacity_Disruption_P1_20pct,,2017-07-30,2409.0,9.0,9.0,0.0,2928.0,2919.0,2919.0,1.0,0.0030737704918032786,0.0037359900373599006,Healthy,Healthy,Healthy,No backlog and utilization below 100%,,,,,
Scenario × Week,Capacity_Disruption_P1_20pct,,2017-08-06,2495.0,59.0,59.0,0.0,2928.0,2869.0,2869.0,1.0,0.020150273224043717,0.023647294589178358,Healthy,Healthy,Healthy,No backlog and utilization below 100%,,,,,
Scenario × Week,Capacity_Disruption_P1_20pct,,2017-08-13,2462.0,37.0,37.0,0.0,2928.0,2891.0,2891.0,1.0,0.012636612021857924,0.015028432168968318,Healthy,Healthy,Healthy,No backlog and utilization below 100%,,,,,
Scenario × Week,Capacity_Disruption_P1_20pct,,2017-08-20,2425.0,1.0,1.0,0.0,2928.0,2927.0,2927.0,1.0,0.00034153005464480874,0.0004123711340206186,Healthy,Healthy,Healthy,No backlog and utilization below 100%,,,,,
Scenario × Week,Capacity_Disruption_P1_20pct,,2017-08-27,2572.0,39.0,39.0,0.0,2928.0,2889.0,2889.0,1.0,0.01331967213114754,0.015163297045101089,Healthy,Healthy,Healthy,No backlog and utilization below 100%,,,,,
Scenario × Week,Capacity_Disruption_P1_20pct,,2017-09-03,2652.0,134.0,134.0,0.0,2928.0,2794.0,2794.0,1.0,0.045765027322404374,0.05052790346907994,Healthy,Healthy,Healthy,No backlog and utilization below 100%,,,,,
Scenario × Week,Capacity_Disruption_P1_20pct,,2017-09-10,2469.0,119.0,119.0,0.0,2928.0,2809.0,2809.0,1.0,0.04064207650273224,0.048197650870797894,Healthy,Healthy,Healthy,No backlog and utilization below 100%,,,,,
Scenario × Week,Capacity_Disruption_P1_20pct,,2017-09-17,2381.0,0.0,0.0,0.0,2928.0,2928.0,2928.0,1.0,0.0,0.0,Healthy,Healthy,Healthy,No backlog and utilization below 100%,,,,,
Scenario × Week,Capacity_Disruption_P1_20pct,,2017-09-24,2413.0,0.0,0.0,0.0,2928.0,2928.0,2928.0,1.0,0.0,0.0,Healthy,Healthy,Healthy,No backlog and utilization below 100%,,,,,
Scenario × Week,Capacity_Disruption_P1_20pct,,2017-10-01,2398.0,23.0,23.0,0.0,2928.0,2905.0,2905.0,1.0,0.007855191256830601,0.009591326105087573,Healthy,Healthy,Healthy,No backlog and utilization below 100%,,,,,
Scenario × Week,Capacity_Disruption_P1_20pct,,2017-10-08,582.0,0.0,0.0,0.0,2928.0,2928.0,2928.0,1.0,0.0,0.0,Healthy,Healthy,Healthy,No backlog and utilization below 100%,,,,,
Scenario × Week,Capacity_Disruption_P1_20pct,,2017-10-15,479.0,0.0,0.0,0.0,1845.0,1845.0,1845.0,1.0,0.0,0.0,Healthy,Healthy,Healthy,No backlog and utilization below 100%,,,,,
Scenario × Week,Capacity_Disruption_P1_20pct,,2017-10-22,480.0,0.0,0.0,0.0,1845.0,1845.0,1845.0,1.0,0.0,0.0,Healthy,Healthy,Healthy,No backlog and utilization below 100%,,,,,
Scenario × Week,Capacity_Disruption_P1_20pct,,2017-10-29,479.0,0.0,0.0,0.0,1845.0,1845.0,1845.0,1.0,0.0,0.0,Healthy,Healthy,Healthy,No backlog and utilization below 100%,,,,,
Scenario × Week,Capacity_Disruption_P1_20pct,,2017-11-05,480.0,0.0,0.0,0.0,1845.0,1845.0,1845.0,1.0,0.0,0.0,Healthy,Healthy,Healthy,No backlog and utilization below 100%,,,,,
Scenario × Week,Capacity_Disruption_P1_20pct,,2017-11-12,479.0,0.0,0.0,0.0,1845.0,1845.0,1845.0,1.0,0.0,0.0,Healthy,Healthy,Healthy,No backlog and utilization below 100%,,,,,
Scenario × Week,Capacity_Disruption_P1_20pct,,2017-11-19,480.0,0.0,0.0,0.0,2928.0,2928.0,2928.0,1.0,0.0,0.0,Healthy,Healthy,Healthy,No backlog and utilization below 100%,,,,,
Scenario × Week,Capacity_Disruption_P1_20pct,,2017-11-26,479.0,0.0,0.0,0.0,2928.0,2928.0,2928.0,1.0,0.0,0.0,Healthy,Healthy,Healthy,No backlog and utilization below 100%,,,,,
Scenario × Week,Capacity_Disruption_P1_20pct,,2017-12-03,480.0,0.0,0.0,0.0,2928.0,2928.0,2928.0,1.0,0.0,0.0,Healthy,Healthy,Healthy,No backlog and utilization below 100%,,,,,
Scenario × Week,Capacity_Disruption_P1_20pct,,2017-12-10,479.0,0.0,0.0,0.0,2928.0,2928.0,2928.0,1.0,0.0,0.0,Healthy,Healthy,Healthy,No backlog and utilization below 100%,,,,,
Scenario × Week,Capacity_Disruption_P1_20pct,,2017-12-17,480.0,0.0,0.0,0.0,2928.0,2928.0,2928.0,1.0,0.0,0.0,Healthy,Healthy,Healthy,No backlog and utilization below 100%,,,,,
Scenario × Week,Capacity_Disruption_P1_20pct,,2017-12-24,479.0,0.0,0.0,0.0,2928.0,2928.0,2928.0,1.0,0.0,0.0,Healthy,Healthy,Healthy,No backlog and utilization below 100%,,,,,
Scenario × Week,Capacity_Disruption_P1_20pct,,2017-12-31,480.0,0.0,0.0,0.0,2928.0,2928.0,2928.0,1.0,0.0,0.0,Healthy,Healthy,Healthy,No backlog and utilization below 100%,,,,,
Scenario × Week,Demand_Surge_10pct,,2017-01-01,2862.2,43.900000000000006,43.900000000000006,0.0,3161.0,3117.1,3117.1,1.0,0.01388801012337868,0.01533785200195654,Healthy,Healthy,Healthy,No backlog and utilization below 100%,,,,,
Scenario × Week,Demand_Surge_10pct,,2017-01-08,2792.9,48.7,48.7,0.0,3161.0,3112.3,3112.3,1.0,0.015406516925023728,0.017437072576891404,Healthy,Healthy,Healthy,No backlog and utilization below 100%,,,,,
Scenario × Week,Demand_Surge_10pct,,2017-01-15,2899.6,84.60000000000001,84.60000000000001,0.0,3161.0,3076.4,3076.4,1.0,0.026763682378993993,0.029176438129397162,Healthy,Healthy,Healthy,No backlog and utilization below 100%,,,,,
Scenario × Week,Demand_Surge_10pct,,2017-01-22,3000.8000000000006,150.60000000000002,150.60000000000002,0.0,3161.0,3010.4,3010.4,1.0,0.04764315090161342,0.05018661690215942,Healthy,Healthy,Healthy,No backlog and utilization below 100%,,,,,
Scenario × Week,Demand_Surge_10pct,,2017-01-29,2901.8000000000006,20.1,20.1,0.0,3161.0,3140.9,3140.9,1.0,0.006358747231888643,0.006926735129919359,Healthy,Healthy,Healthy,No backlog and utilization below 100%,,,,,
Scenario × Week,Demand_Surge_10pct,,2017-02-05,3074.5,21.900000000000002,21.900000000000002,0.0,3161.0,3139.1,3139.1,1.0,0.006928187282505537,0.007123109448690845,Healthy,Healthy,Healthy,No backlog and utilization below 100%,,,,,
Scenario × Week,Demand_Surge_10pct,,2017-02-12,2937.0000000000005,101.4,101.4,0.0,3161.0,3059.6,3059.6,1.0,0.032078456184751664,0.03452502553626149,Healthy,Healthy,Healthy,No backlog and utilization below 100%,,,,,
Scenario × Week,Demand_Surge_10pct,,2017-02-19,2937.0,181.60000000000002,181.60000000000002,0.0,3161.0,2979.4,2979.4,1.0,0.05745017399557103,0.06183180115764386,Healthy,Healthy,Healthy,No backlog and utilization below 100%,,,,,
Scenario × Week,Demand_Surge_10pct,,2017-02-26,3196.6,43.400000000000006,43.400000000000006,0.0,3161.0,3117.6,3117.6,1.0,0.013729832331540653,0.013576925483326036,Healthy,Healthy,Healthy,No backlog and utilization below 100%,,,,,
Scenario × Week,Demand_Surge_10pct,,2017-03-05,2919.4,31.200000000000003,31.200000000000003,0.0,3161.0,3129.8,3129.8,1.0,0.009870294210692819,0.010687127491950402,Healthy,Healthy,Healthy,No backlog and utilization below 100%,,,,,
Scenario × Week,Demand_Surge_10pct,,2017-03-12,2971.1000000000004,64.3,64.3,0.0,3161.0,3096.7,3096.7,1.0,0.020341664030370136,0.021641816162364103,Healthy,Healthy,Healthy,No backlog and utilization below 100%,,,,,
Scenario × Week,Demand_Surge_10pct,,2017-03-19,2939.2000000000003,215.50000000000003,215.50000000000003,0.0,3161.0,2945.5,2945.5,1.0,0.06817462828218919,0.07331927054980948,Healthy,Healthy,Healthy,No backlog and utilization below 100%,,,,,
Scenario × Week,Demand_Surge_10pct,,2017-03-26,2761.0,22.6,22.6,0.0,3161.0,3138.4,3138.4,1.0,0.007149636191078773,0.008185440057950018,Healthy,Healthy,Healthy,No backlog and utilization below 100%,,,,,
Scenario × Week,Demand_Surge_10pct,,2017-04-02,2897.4000000000005,40.400000000000006,40.400000000000006,0.0,3161.0,3120.6,3120.6,1.0,0.012780765580512499,0.013943535583626699,Healthy,Healthy,Healthy,No backlog and utilization below 100%,,,,,
Scenario × Week,Demand_Surge_10pct,,2017-04-09,2900.7000000000003,113.1,113.1,0.0,3161.0,3047.9,3047.9,1.0,0.03577981651376146,0.03899058847864308,Healthy,Healthy,Healthy,No backlog and utilization below 100%,,,,,
Scenario × Week,Demand_Surge_10pct,,2017-04-16,2806.1000000000004,167.60000000000002,167.60000000000002,0.0,3161.0,2993.4,2993.4,1.0,0.053021195824106304,0.05972702327073162,Healthy,Healthy,Healthy,No backlog and utilization below 100%,,,,,
Scenario × Week,Demand_Surge_10pct,,2017-04-23,2983.2000000000003,45.3,45.3,0.0,3161.0,3115.7,3115.7,1.0,0.01433090794052515,0.015185036202735315,Healthy,Healthy,Healthy,No backlog and utilization below 100%,,,,,
Scenario × Week,Demand_Surge_10pct,,2017-04-30,2811.6000000000013,0.0,0.0,0.0,3161.0,3161.0,3161.0,1.0,0.0,0.0,Healthy,Healthy,Healthy,No backlog and utilization below 100%,,,,,
Scenario × Week,Demand_Surge_10pct,,2017-05-07,2809.4,0.0,0.0,0.0,3161.0,3161.0,3161.0,1.0,0.0,0.0,Healthy,Healthy,Healthy,No backlog and utilization below 100%,,,,,
Scenario × Week,Demand_Surge_10pct,,2017-05-14,2655.4,63.500000000000014,63.500000000000014,0.0,3161.0,3097.5,3097.5,1.0,0.0200885795634293,0.023913534684040075,Healthy,Healthy,Healthy,No backlog and utilization below 100%,,,,,
Scenario × Week,Demand_Surge_10pct,,2017-05-21,2696.1000000000004,0.0,0.0,0.0,3161.0,3161.0,3161.0,1.0,0.0,0.0,Healthy,Healthy,Healthy,No backlog and utilization below 100%,,,,,
Scenario × Week,Demand_Surge_10pct,,2017-05-28,2695.0000000000005,0.0,0.0,0.0,3161.0,3161.0,3161.0,1.0,0.0,0.0,Healthy,Healthy,Healthy,No backlog and utilization below 100%,,,,,
Scenario × Week,Demand_Surge_10pct,,2017-06-04,2861.1,0.0,0.0,0.0,3161.0,3161.0,3161.0,1.0,0.0,0.0,Healthy,Healthy,Healthy,No backlog and utilization below 100%,,,,,
Scenario × Week,Demand_Surge_10pct,,2017-06-11,2542.1,21.90000000000001,21.90000000000001,0.0,3161.0,3139.1,3139.1,1.0,0.0069281872825055395,0.008614924668581098,Healthy,Healthy,Healthy,No backlog and utilization below 100%,,,,,
Scenario × Week,Demand_Surge_10pct,,2017-06-18,2466.2000000000007,0.0,0.0,0.0,3161.0,3161.0,3161.0,1.0,0.0,0.0,Healthy,Healthy,Healthy,No backlog and utilization below 100%,,,,,
Scenario × Week,Demand_Surge_10pct,,2017-06-25,2775.3,0.0,0.0,0.0,3161.0,3161.0,3161.0,1.0,0.0,0.0,Healthy,Healthy,Healthy,No backlog and utilization below 100%,,,,,
Scenario × Week,Demand_Surge_10pct,,2017-07-02,2755.5,0.0,0.0,0.0,3161.0,3161.0,3161.0,1.0,0.0,0.0,Healthy,Healthy,Healthy,No backlog and utilization below 100%,,,,,
Scenario × Week,Demand_Surge_10pct,,2017-07-09,2772.0,17.400000000000006,17.400000000000006,0.0,3161.0,3143.6,3143.6,1.0,0.005504587155963305,0.0062770562770562794,Healthy,Healthy,Healthy,No backlog and utilization below 100%,,,,,
Scenario × Week,Demand_Surge_10pct,,2017-07-16,2644.3999999999996,0.0,0.0,0.0,3161.0,3161.0,3161.0,1.0,0.0,0.0,Healthy,Healthy,Healthy,No backlog and utilization below 100%,,,,,
Scenario × Week,Demand_Surge_10pct,,2017-07-23,2856.7,1.6000000000000003,1.6000000000000003,0.0,3161.0,3159.4,3159.4,1.0,0.0005061689338816831,0.0005600868134560858,Healthy,Healthy,Healthy,No backlog and utilization below 100%,,,,,
Scenario × Week,Demand_Surge_10pct,,2017-07-30,2649.9000000000005,14.0,14.0,0.0,3161.0,3147.0,3147.0,1.0,0.004428978171464726,0.0052832182346503635,Healthy,Healthy,Healthy,No backlog and utilization below 100%,,,,,
Scenario × Week,Demand_Surge_10pct,,2017-08-06,2744.5,68.7,68.7,0.0,3161.0,3092.3,3092.3,1.0,0.021733628598544764,0.025031881945709603,Healthy,Healthy,Healthy,No backlog and utilization below 100%,,,,,
Scenario × Week,Demand_Surge_10pct,,2017-08-13,2708.2000000000003,43.10000000000001,43.10000000000001,0.0,3161.0,3117.9,3117.9,1.0,0.013634925656437839,0.01591462964330552,Healthy,Healthy,Healthy,No backlog and utilization below 100%,,,,,
Scenario × Week,Demand_Surge_10pct,,2017-08-20,2667.500000000001,2.1000000000000014,2.1000000000000014,0.0,3161.0,3158.9,3158.9,1.0,0.0006643467257197094,0.0007872539831302721,Healthy,Healthy,Healthy,No backlog and utilization below 100%,,,,,
Scenario × Week,Demand_Surge_10pct,,2017-08-27,2829.2000000000003,48.3,48.3,0.0,3161.0,3112.7,3112.7,1.0,0.015279974691553304,0.0170719638060229,Healthy,Healthy,Healthy,No backlog and utilization below 100%,,,,,
Scenario × Week,Demand_Surge_10pct,,2017-09-03,2917.2,161.59999999999997,161.59999999999997,0.0,3161.0,2999.4,2999.4,1.0,0.051123062322049974,0.055395584807349504,Healthy,Healthy,Healthy,No backlog and utilization below 100%,,,,,
Scenario × Week,Demand_Surge_10pct,,2017-09-10,2715.9,133.4,133.4,0.0,3161.0,3027.6,3027.6,1.0,0.04220183486238532,0.049118156044036965,Healthy,Healthy,Healthy,No backlog and utilization below 100%,,,,,
Scenario × Week,Demand_Surge_10pct,,2017-09-17,2619.1000000000004,0.0,0.0,0.0,3161.0,3161.0,3161.0,1.0,0.0,0.0,Healthy,Healthy,Healthy,No backlog and utilization below 100%,,,,,
Scenario × Week,Demand_Surge_10pct,,2017-09-24,2654.3,0.0,0.0,0.0,3161.0,3161.0,3161.0,1.0,0.0,0.0,Healthy,Healthy,Healthy,No backlog and utilization below 100%,,,,,
Scenario × Week,Demand_Surge_10pct,,2017-10-01,2637.8000000000006,36.80000000000001,36.80000000000001,0.0,3161.0,3124.2,3124.2,1.0,0.011641885479278713,0.013951019789218288,Healthy,Healthy,Healthy,No backlog and utilization below 100%,,,,,
Scenario × Week,Demand_Surge_10pct,,2017-10-08,640.2,0.0,0.0,0.0,3161.0,3161.0,3161.0,1.0,0.0,0.0,Healthy,Healthy,Healthy,No backlog and utilization below 100%,,,,,
Scenario × Week,Demand_Surge_10pct,,2017-10-15,526.9000000000001,0.0,0.0,0.0,2078.0,2078.0,2078.0,1.0,0.0,0.0,Healthy,Healthy,Healthy,No backlog and utilization below 100%,,,,,
Scenario × Week,Demand_Surge_10pct,,2017-10-22,528.0,0.0,0.0,0.0,2078.0,2078.0,2078.0,1.0,0.0,0.0,Healthy,Healthy,Healthy,No backlog and utilization below 100%,,,,,
Scenario × Week,Demand_Surge_10pct,,2017-10-29,526.9000000000001,0.0,0.0,0.0,2078.0,2078.0,2078.0,1.0,0.0,0.0,Healthy,Healthy,Healthy,No backlog and utilization below 100%,,,,,
Scenario × Week,Demand_Surge_10pct,,2017-11-05,528.0,0.0,0.0,0.0,2078.0,2078.0,2078.0,1.0,0.0,0.0,Healthy,Healthy,Healthy,No backlog and utilization below 100%,,,,,
Scenario × Week,Demand_Surge_10pct,,2017-11-12,526.9000000000001,0.0,0.0,0.0,2078.0,2078.0,2078.0,1.0,0.0,0.0,Healthy,Healthy,Healthy,No backlog and utilization below 100%,,,,,
Scenario × Week,Demand_Surge_10pct,,2017-11-19,528.0,0.0,0.0,0.0,3161.0,3161.0,3161.0,1.0,0.0,0.0,Healthy,Healthy,Healthy,No backlog and utilization below 100%,,,,,
Scenario × Week,Demand_Surge_10pct,,2017-11-26,526.9000000000001,0.0,0.0,0.0,3161.0,3161.0,3161.0,1.0,0.0,0.0,Healthy,Healthy,Healthy,No backlog and utilization below 100%,,,,,
Scenario × Week,Demand_Surge_10pct,,2017-12-03,528.0,0.0,0.0,0.0,3161.0,3161.0,3161.0,1.0,0.0,0.0,Healthy,Healthy,Healthy,No backlog and utilization below 100%,,,,,
Scenario × Week,Demand_Surge_10pct,,2017-12-10,526.9000000000001,0.0,0.0,0.0,3161.0,3161.0,3161.0,1.0,0.0,0.0,Healthy,Healthy,Healthy,No backlog and utilization below 100%,,,,,
Scenario × Week,Demand_Surge_10pct,,2017-12-17,528.0,0.0,0.0,0.0,3161.0,3161.0,3161.0,1.0,0.0,0.0,Healthy,Healthy,Healthy,No backlog and utilization below 100%,,,,,
Scenario × Week,Demand_Surge_10pct,,2017-12-24,526.9000000000001,0.0,0.0,0.0,3161.0,3161.0,3161.0,1.0,0.0,0.0,Healthy,Healthy,Healthy,No backlog and utilization below 100%,,,,,
Scenario × Week,Demand_Surge_10pct,,2017-12-31,528.0,0.0,0.0,0.0,3161.0,3161.0,3161.0,1.0,0.0,0.0,Healthy,Healthy,Healthy,No backlog and utilization below 100%,,,,,
